Workbook

Sheet bzea
A1: Female_genotype | B1: Female_parent | C1: Updated_fem_gen | D1: Updated_fem_gen
A2: Bals-JSG-RMM-LCL-474_P2_P1_P5_P2.1.1.1 | B2: PV23-2169 | C2: =VLOOKUP(B2,'origin-genotype'!A:B, 2, FALSE) -> Bals-JSG-RMM-LCL-474_P2_P5_P2.1.1.1 | D2: JSG-RMM-LCL-474_P2_P5_P2.1.1.1
A3: Chal-JSG-JMHC-629_P4_P1_P3_P1.1.1.1 | B3: PV23-394 | C3: =VLOOKUP(B3,'origin-genotype'!A:B, 2, FALSE) -> Chal-JSG-JMHC-629_P4_P3_P1.1.1.1 | D3: JSG-JMHC-629_P4_P3_P1.1.1.1
A4: Bals-JLNCM-646_P2_P1_P5_P1.2.1.1 | B4: PV23-1688 | C4: =VLOOKUP(B4,'origin-genotype'!A:B, 2, FALSE) -> Bals-JLNCM-646_P2_P5_P1.2.1.1 | D4: JLNCM-646_P2_P5_P1.2.1.1
A5: Bals-JSG-RMM-LCL-524_P2_P1_P2_P1.3.1.1 | B5: PV23-2175 | C5: =VLOOKUP(B5,'origin-genotype'!A:B, 2, FALSE) -> Bals-JSG-RMM-LCL-524_P2_P2_P1.3.1.1 | D5: JSG-RMM-LCL-524_P2_P2_P1.3.1.1
A6: Zdip-JLVTKV-719_P2_P1_P2_P4.5.1.1 | B6: PV23-881 | C6: =VLOOKUP(B6,'origin-genotype'!A:B, 2, FALSE) -> Zdip-JLVTKV-719_P2_P2_P4.5.1.1 | D6: JLVTKV-719_P2_P2_P4.5.1.1
A7: Dura-JSG-SRV-EAM-705_P4_P1_P5_P1.3.1.1 | B7: PV23-740 | C7: =VLOOKUP(B7,'origin-genotype'!A:B, 2, FALSE) -> Dura-JSG-SRV-EAM-705_P4_P5_P1.3.1.1 | D7: JSG-SRV-EAM-705_P4_P5_P1.3.1.1
A8: Mesa-JACV-T-018_P2_P1_P2_P1.2.1.1 | B8: PV23-368 | C8: =VLOOKUP(B8,'origin-genotype'!A:B, 2, FALSE) -> Mesa-JACV-T-018_P2_P2_P1.2.1.1 | D8: JACV-T-018_P2_P2_P1.2.1.1
A9: Bals-JSG-LCL-704_P3_P1_P2_P1.2.1.1 | B9: PV23-2229 | C9: =VLOOKUP(B9,'origin-genotype'!A:B, 2, FALSE) -> Bals-JSG-LCL-704_P3_P2_P1.2.1.1 | D9: JSG-LCL-704_P3_P2_P1.2.1.1
A10: Nabo-JSG-SRV-604_P3_P1_P3_P3.2.1.1 | B10: PV23-1113 | C10: =VLOOKUP(B10,'origin-genotype'!A:B, 2, FALSE) -> Nabo-JSG-SRV-604_P3_P3_P3.2.1.1 | D10: JSG-SRV-604_P3_P3_P3.2.1.1
A11: Bals-JACV-T-082_P2_P1_P3_P1.2.1.1 | B11: PV23-1742 | C11: =VLOOKUP(B11,'origin-genotype'!A:B, 2, FALSE) -> Bals-JACV-T-082_P2_P3_P1.2.1.1 | D11: JACV-T-082_P2_P3_P1.2.1.1
A12: Zdip-JLVTKV-720_P1_P1_P3_P1.1.1.1 | B12: PV23-946 | C12: =VLOOKUP(B12,'origin-genotype'!A:B, 2, FALSE) -> Zdip-JLVTKV-720_P1_P3_P1.1.1.1 | D12: JLVTKV-720_P1_P3_P1.1.1.1
A13: Bals-JSG-RMM-LCL-495_P4_P1_P4_P1.2.1.1 | B13: PV23-2262 | C13: =VLOOKUP(B13,'origin-genotype'!A:B, 2, FALSE) -> Bals-JSG-RMM-LCL-495_P4_P4_P1.2.1.1 | D13: JSG-RMM-LCL-495_P4_P4_P1.2.1.1
... A4012: Chal-JSG-JMHC-629_P4_P2_P1_P2.3.1.1 | B4012: PV23-2491 | C4012: =VLOOKUP(B4012,'origin-genotype'!A:B, 2, FALSE) -> Chal-JSG-JMHC-629_P4_P2_P1.3.1.1 | D4012: JSG-JMHC-629_P4_P2_P1.3.1.1

Sheet origin-genotype
A1: seed_origin | B1: J2Teo_genotype
A2: PV23-1322 | B2: Bals-JSG-RMM-LCL-487_P1_P1_P1.1.1.1
A3: PV23-1323 | B3: Bals-JSG-RMM-LCL-487_P1_P1_P1.2.1.1
A4: PV23-1324 | B4: Bals-JSG-RMM-LCL-487_P1_P1_P1.3.1.1
A5: PV23-1325 | B5: Bals-JSG-RMM-LCL-487_P1_P2_P1.1.1.1
A6: PV23-1326 | B6: Bals-JSG-RMM-LCL-487_P1_P2_P1.2.1.1
A7: PV23-1327 | B7: Bals-JSG-RMM-LCL-487_P1_P3_P1.1.1.1
A8: PV23-1328 | B8: Bals-JSG-RMM-LCL-487_P1_P3_P1.2.1.1
A9: PV23-1329 | B9: Bals-JSG-RMM-LCL-487_P1_P3_P1.3.1.1
A10: PV23-1330 | B10: Bals-JSG-RMM-LCL-487_P1_P5_P1.1.1.1
A11: PV23-1331 | B11: Bals-JSG-RMM-LCL-487_P1_P5_P1.2.1.1
A12: PV23-1332 | B12: Bals-JSG-RMM-LCL-568_P3_P1_P1.1.1.1
... A2179: PV23-1516 | B2179: Zlux-G7_P2_P4_P1.3.1.1
