Workbook

Sheet ZeaL-V2_manifest
A1: Plate_name | B1: Cell | C1: Cell_row | D1: Cell_col | E1: Plot_id | F1: Origin | G1: Pedigree | H1: Library_pool | I1: inline_barcode
A2: BZeaV2_1 | B2: A1 | C2: =left(B2,1) -> A | D2: 1 | E2: 4001 | F2: {=_xlfn.XLOOKUP(E2,'REF-CLY24'!A:A,'REF-CLY24'!D:D,"NA")} -> PV24-1725 | G2: {=_xlfn.XLOOKUP(F2,'REF-J2Teo'!A:A,'REF-J2Teo'!B:B,"NA")} -> Zv.0030_P1_P1_P2.1.1.1 | H2: V21A | I2: {=_xlfn.XLOOKUP(D2,'REF-inline'!A:A,'REF-inline'!B:B,"NA")} -> GCCATA
A3: BZeaV2_1 | B3: B1 | C3: =left(B3,1) -> B | D3: 1 | E3: 4002 | F3: {=_xlfn.XLOOKUP(E3,'REF-CLY24'!A:A,'REF-CLY24'!D:D,"NA")} -> PV24-1726 | G3: {=_xlfn.XLOOKUP(F3,'REF-J2Teo'!A:A,'REF-J2Teo'!B:B,"NA")} -> Zv.0030_P1_P2_P2.1.1.1 | H3: V21B | I3: {=_xlfn.XLOOKUP(D3,'REF-inline'!A:A,'REF-inline'!B:B,"NA")} -> GCCATA
A4: BZeaV2_1 | B4: C1 | C4: =left(B4,1) -> C | D4: 1 | E4: 4003 | F4: {=_xlfn.XLOOKUP(E4,'REF-CLY24'!A:A,'REF-CLY24'!D:D,"NA")} -> PV24-1727 | G4: {=_xlfn.XLOOKUP(F4,'REF-J2Teo'!A:A,'REF-J2Teo'!B:B,"NA")} -> Zv.0030_P1_P3_P2.1.1.1 | H4: V21C | I4: {=_xlfn.XLOOKUP(D4,'REF-inline'!A:A,'REF-inline'!B:B,"NA")} -> GCCATA
A5: BZeaV2_1 | B5: D1 | C5: =left(B5,1) -> D | D5: 1 | E5: 4004 | F5: {=_xlfn.XLOOKUP(E5,'REF-CLY24'!A:A,'REF-CLY24'!D:D,"NA")} -> PV24-1728 | G5: {=_xlfn.XLOOKUP(F5,'REF-J2Teo'!A:A,'REF-J2Teo'!B:B,"NA")} -> Zv.0030_P1_P3_P3.1.1.1 | H5: V21D | I5: {=_xlfn.XLOOKUP(D5,'REF-inline'!A:A,'REF-inline'!B:B,"NA")} -> GCCATA
A6: BZeaV2_1 | B6: E1 | C6: =left(B6,1) -> E | D6: 1 | E6: 4005 | F6: {=_xlfn.XLOOKUP(E6,'REF-CLY24'!A:A,'REF-CLY24'!D:D,"NA")} -> PV24-1732 | G6: {=_xlfn.XLOOKUP(F6,'REF-J2Teo'!A:A,'REF-J2Teo'!B:B,"NA")} -> Zv.0040_P3_P2_P2.1.1.1 | H6: V21E | I6: {=_xlfn.XLOOKUP(D6,'REF-inline'!A:A,'REF-inline'!B:B,"NA")} -> GCCATA
A7: BZeaV2_1 | B7: F1 | C7: =left(B7,1) -> F | D7: 1 | E7: 4006 | F7: {=_xlfn.XLOOKUP(E7,'REF-CLY24'!A:A,'REF-CLY24'!D:D,"NA")} -> PV24-1733 | G7: {=_xlfn.XLOOKUP(F7,'REF-J2Teo'!A:A,'REF-J2Teo'!B:B,"NA")} -> Zv.0040_P3_P2_P3.1.1.1 | H7: V21F | I7: {=_xlfn.XLOOKUP(D7,'REF-inline'!A:A,'REF-inline'!B:B,"NA")} -> GCCATA
A8: BZeaV2_1 | B8: G1 | C8: =left(B8,1) -> G | D8: 1 | E8: 4007 | F8: {=_xlfn.XLOOKUP(E8,'REF-CLY24'!A:A,'REF-CLY24'!D:D,"NA")} -> PV24-1734 | G8: {=_xlfn.XLOOKUP(F8,'REF-J2Teo'!A:A,'REF-J2Teo'!B:B,"NA")} -> Zv.0040_P3_P2_P4.1.1.1 | H8: V21G | I8: {=_xlfn.XLOOKUP(D8,'REF-inline'!A:A,'REF-inline'!B:B,"NA")} -> GCCATA
A9: BZeaV2_1 | B9: H1 | C9: =left(B9,1) -> H | D9: 1 | E9: 4008 | F9: {=_xlfn.XLOOKUP(E9,'REF-CLY24'!A:A,'REF-CLY24'!D:D,"NA")} -> PV24-1735 | G9: {=_xlfn.XLOOKUP(F9,'REF-J2Teo'!A:A,'REF-J2Teo'!B:B,"NA")} -> Zv.0040_P3_P2_P5.1.1.1 | H9: V21H | I9: {=_xlfn.XLOOKUP(D9,'REF-inline'!A:A,'REF-inline'!B:B,"NA")} -> GCCATA
A10: BZeaV2_1 | B10: A2 | C10: =left(B10,1) -> A | D10: 2 | E10: 4009 | F10: {=_xlfn.XLOOKUP(E10,'REF-CLY24'!A:A,'REF-CLY24'!D:D,"NA")} -> PV24-1745 | G10: {=_xlfn.XLOOKUP(F10,'REF-J2Teo'!A:A,'REF-J2Teo'!B:B,"NA")} -> Zv.0040_P3_P5_P4.1.1.1 | H10: V21A | I10: {=_xlfn.XLOOKUP(D10,'REF-inline'!A:A,'REF-inline'!B:B,"NA")} -> TCTGGT
A11: BZeaV2_1 | B11: B2 | C11: =left(B11,1) -> B | D11: 2 | E11: 4010 | F11: {=_xlfn.XLOOKUP(E11,'REF-CLY24'!A:A,'REF-CLY24'!D:D,"NA")} -> PV24-1744 | G11: {=_xlfn.XLOOKUP(F11,'REF-J2Teo'!A:A,'REF-J2Teo'!B:B,"NA")} -> Zv.0040_P3_P5_P3.1.1.1 | H11: V21B | I11: {=_xlfn.XLOOKUP(D11,'REF-inline'!A:A,'REF-inline'!B:B,"NA")} -> TCTGGT
A12: BZeaV2_1 | B12: C2 | C12: =left(B12,1) -> C | D12: 2 | E12: 4011 | F12: {=_xlfn.XLOOKUP(E12,'REF-CLY24'!A:A,'REF-CLY24'!D:D,"NA")} -> PV24-1743 | G12: {=_xlfn.XLOOKUP(F12,'REF-J2Teo'!A:A,'REF-J2Teo'!B:B,"NA")} -> Zv.0040_P3_P5_P2.1.1.1 | H12: V21C | I12: {=_xlfn.XLOOKUP(D12,'REF-inline'!A:A,'REF-inline'!B:B,"NA")} -> TCTGGT
A13: BZeaV2_1 | B13: D2 | C13: =left(B13,1) -> D | D13: 2 | E13: 4012 | F13: {=_xlfn.XLOOKUP(E13,'REF-CLY24'!A:A,'REF-CLY24'!D:D,"NA")} -> PV24-1742 | G13: {=_xlfn.XLOOKUP(F13,'REF-J2Teo'!A:A,'REF-J2Teo'!B:B,"NA")} -> Zv.0040_P3_P4_P4.1.1.1 | H13: V21D | I13: {=_xlfn.XLOOKUP(D13,'REF-inline'!A:A,'REF-inline'!B:B,"NA")} -> TCTGGT
... A385: BZeaV2_4 | B385: H12 | C385: =left(B385,1) -> H | D385: 12 | E385: 4384 | F385: {=_xlfn.XLOOKUP(E385,'REF-CLY24'!A:A,'REF-CLY24'!D:D,"NA")} -> PV24-2107 | G385: {=_xlfn.XLOOKUP(F385,'REF-J2Teo'!A:A,'REF-J2Teo'!B:B,"NA")} -> Zx.0360_P2_P1_P4.1.1.1 | H385: V24H | I385: {=_xlfn.XLOOKUP(D385,'REF-inline'!A:A,'REF-inline'!B:B,"NA")} -> GAGTGC
A386: BZeaV2_5 | B386: A1 | C386: =left(B386,1) -> A | D386: 1 | E386: 4385 | F386: {=_xlfn.XLOOKUP(E386,'REF-CLY24'!A:A,'REF-CLY24'!D:D,"NA")} -> PV24-2108 | G386: {=_xlfn.XLOOKUP(F386,'REF-J2Teo'!A:A,'REF-J2Teo'!B:B,"NA")} -> Zx.0360_P2_P1_P5.1.1.1
A387: BZeaV2_5 | B387: B1 | C387: =left(B387,1) -> B | D387: 1 | E387: 4386 | F387: {=_xlfn.XLOOKUP(E387,'REF-CLY24'!A:A,'REF-CLY24'!D:D,"NA")} -> PV24-2109 | G387: {=_xlfn.XLOOKUP(F387,'REF-J2Teo'!A:A,'REF-J2Teo'!B:B,"NA")} -> Zx.0360_P2_P3_P2.1.1.1
A388: BZeaV2_5 | B388: C1 | C388: =left(B388,1) -> C | D388: 1 | E388: 4387 | F388: {=_xlfn.XLOOKUP(E388,'REF-CLY24'!A:A,'REF-CLY24'!D:D,"NA")} -> PV24-2110 | G388: {=_xlfn.XLOOKUP(F388,'REF-J2Teo'!A:A,'REF-J2Teo'!B:B,"NA")} -> Zx.0360_P2_P4_P2.1.1.1
A389: BZeaV2_5 | B389: D1 | C389: =left(B389,1) -> D | D389: 1 | E389: 4388 | F389: {=_xlfn.XLOOKUP(E389,'REF-CLY24'!A:A,'REF-CLY24'!D:D,"NA")} -> PV24-2111 | G389: {=_xlfn.XLOOKUP(F389,'REF-J2Teo'!A:A,'REF-J2Teo'!B:B,"NA")} -> Zx.0360_P2_P4_P3.1.1.1
A390: BZeaV2_5 | B390: E1 | C390: =left(B390,1) -> E | D390: 1 | E390: 4389 | F390: {=_xlfn.XLOOKUP(E390,'REF-CLY24'!A:A,'REF-CLY24'!D:D,"NA")} -> PV24-2112 | G390: {=_xlfn.XLOOKUP(F390,'REF-J2Teo'!A:A,'REF-J2Teo'!B:B,"NA")} -> Zx.0360_P2_P5_P2.1.1.1
A391: BZeaV2_5 | B391: F1 | C391: =left(B391,1) -> F | D391: 1 | E391: 4390 | F391: {=_xlfn.XLOOKUP(E391,'REF-CLY24'!A:A,'REF-CLY24'!D:D,"NA")} -> PV24-2113 | G391: {=_xlfn.XLOOKUP(F391,'REF-J2Teo'!A:A,'REF-J2Teo'!B:B,"NA")} -> Zx.0510_P1_P2_P3.1.1.1
A392: BZeaV2_5 | B392: G1 | C392: =left(B392,1) -> G | D392: 1 | E392: 4391 | F392: {=_xlfn.XLOOKUP(E392,'REF-CLY24'!A:A,'REF-CLY24'!D:D,"NA")} -> PV24-2114 | G392: {=_xlfn.XLOOKUP(F392,'REF-J2Teo'!A:A,'REF-J2Teo'!B:B,"NA")} -> Zx.0510_P1_P2_P5.1.1.1
A393: BZeaV2_5 | B393: H1 | C393: =left(B393,1) -> H | D393: 1 | E393: 4392 | F393: {=_xlfn.XLOOKUP(E393,'REF-CLY24'!A:A,'REF-CLY24'!D:D,"NA")} -> PV24-2115 | G393: {=_xlfn.XLOOKUP(F393,'REF-J2Teo'!A:A,'REF-J2Teo'!B:B,"NA")} -> Zx.0510_P1_P2_P6.1.1.1
A394: BZeaV2_5 | B394: A2 | C394: =left(B394,1) -> A | D394: 2 | E394: 4393 | F394: {=_xlfn.XLOOKUP(E394,'REF-CLY24'!A:A,'REF-CLY24'!D:D,"NA")} -> PV24-2116 | G394: {=_xlfn.XLOOKUP(F394,'REF-J2Teo'!A:A,'REF-J2Teo'!B:B,"NA")} -> Zx.0510_P1_P3_P3.1.1.1
A395: BZeaV2_5 | B395: B2 | C395: =left(B395,1) -> B | D395: 2 | E395: 4394 | F395: {=_xlfn.XLOOKUP(E395,'REF-CLY24'!A:A,'REF-CLY24'!D:D,"NA")} -> PV24-2117 | G395: {=_xlfn.XLOOKUP(F395,'REF-J2Teo'!A:A,'REF-J2Teo'!B:B,"NA")} -> Zx.0510_P1_P3_P4.1.1.1
A396: BZeaV2_5 | B396: C2 | C396: =left(B396,1) -> C | D396: 2 | E396: 4395 | F396: {=_xlfn.XLOOKUP(E396,'REF-CLY24'!A:A,'REF-CLY24'!D:D,"NA")} -> PV24-2119 | G396: {=_xlfn.XLOOKUP(F396,'REF-J2Teo'!A:A,'REF-J2Teo'!B:B,"NA")} -> Zx.0510_P1_P4_P2.1.1.1
A397: BZeaV2_5 | B397: D2 | C397: =left(B397,1) -> D | D397: 2 | E397: 4396 | F397: {=_xlfn.XLOOKUP(E397,'REF-CLY24'!A:A,'REF-CLY24'!D:D,"NA")} -> PV24-2120 | G397: {=_xlfn.XLOOKUP(F397,'REF-J2Teo'!A:A,'REF-J2Teo'!B:B,"NA")} -> Zx.0510_P1_P4_P3.1.1.1
... A444: BZeaV2_5 | B444: C8 | C444: =left(B444,1) -> C | D444: 8 | E444: 4443 | F444: {=_xlfn.XLOOKUP(E444,'REF-CLY24'!A:A,'REF-CLY24'!D:D,"NA")} -> PV24-2168 | G444: {=_xlfn.XLOOKUP(F444,'REF-J2Teo'!A:A,'REF-J2Teo'!B:B,"NA")} -> Zx.0430_P1_P5_P4.1.1.1

Sheet REF-inline
A1: col | B1: sequence
A2: 1 | B2: GCCATA
A3: 2 | B3: TCTGGT
A4: 3 | B4: TGGCTT
A5: 4 | B5: AACACT
A6: 5 | B6: TCAGGA
A7: 6 | B7: TGGTCC
A8: 7 | B8: CAACTG
A9: 8 | B9: CGGACC
A10: 9 | B10: ATCGAG
A11: 10 | B11: ATGGTG
A12: 11 | B12: CTTAAG
A13: 12 | B13: GAGTGC

Sheet REF-CLY24
A1: CLY24 | B1: Who/What | C1: Description | D1: Female Parent
A2: 4001 | B2: J2TeoBC2S3 | C2: Bals-JSG-RMM-LCL-487_P1_P1_P1_P2.1.1.1-blk | D2: PV24-1725
A3: 4002 | B3: J2TeoBC2S3 | C3: Bals-JSG-RMM-LCL-487_P1_P2_P2_P2.1.1.1-blk | D3: PV24-1726
A4: 4003 | B4: J2TeoBC2S3 | C4: Bals-JSG-RMM-LCL-487_P1_P3_P3_P2.1.1.1-blk | D4: PV24-1727
A5: 4004 | B5: J2TeoBC2S3 | C5: Bals-JSG-RMM-LCL-487_P1_P3_P3_P3.1.1.1-blk | D5: PV24-1728
A6: 4005 | B6: J2TeoBC2S3 | C6: Bals-JSG-RMM-LCL-568_P3_P2_P2_P2.1.1.1-blk | D6: PV24-1732
A7: 4006 | B7: J2TeoBC2S3 | C7: Bals-JSG-RMM-LCL-568_P3_P2_P2_P3.1.1.1-blk | D7: PV24-1733
A8: 4007 | B8: J2TeoBC2S3 | C8: Bals-JSG-RMM-LCL-568_P3_P2_P2_P4.1.1.1-blk | D8: PV24-1734
A9: 4008 | B9: J2TeoBC2S3 | C9: Bals-JSG-RMM-LCL-568_P3_P2_P2_P5.1.1.1-blk | D9: PV24-1735
A10: 4009 | B10: J2TeoBC2S3 | C10: Bals-JSG-RMM-LCL-568_P3_P5_P5_P4.1.1.1-blk | D10: PV24-1745
A11: 4010 | B11: J2TeoBC2S3 | C11: Bals-JSG-RMM-LCL-568_P3_P5_P5_P3.1.1.1-blk | D11: PV24-1744
A12: 4011 | B12: J2TeoBC2S3 | C12: Bals-JSG-RMM-LCL-568_P3_P5_P5_P2.1.1.1-blk | D12: PV24-1743
A13: 4012 | B13: J2TeoBC2S3 | C13: Bals-JSG-RMM-LCL-568_P3_P4_P4_P4.1.1.1-blk | D13: PV24-1742
... A595: 4594 | B595: lda1 | C595: lda1_mapping | D595: PV22-1422.3.e1-lda1
A596: 4595 | B596: Ruairidh | C596: NAM MAGIC
A597: 4596 | B597: Ruairidh | C597: NAM MAGIC
A598: 4597 | B598: Ruairidh | C598: NAM MAGIC
A599: 4598 | B599: Ruairidh | C599: NAM MAGIC
A600: 4599 | B600: Ruairidh | C600: NAM MAGIC
A601: 4600 | B601: Ruairidh | C601: NAM MAGIC
A602: 4601 | B602: Ruairidh | C602: NAM MAGIC
A603: 4602 | B603: Ruairidh | C603: NAM MAGIC
A604: 4603 | B604: Ruairidh | C604: NAM MAGIC
A605: 4604 | B605: Ruairidh | C605: NAM MAGIC
A606: 4605 | B606: Ruairidh | C606: NAM MAGIC
A607: 4606 | B607: Ruairidh | C607: NAM MAGIC
... A617: 4616 | B617: Ruairidh | C617: NAM MAGIC
A619: 5001 | B619: Teos | C619: LANTEO005BA | D619: B73
A620: 5002 | B620: Teos | C620: LANTEO007BA | D620: B73
A621: 5003 | B621: Teos | C621: LANTEO007BB | D621: B73
A622: 5004 | B622: Teos | C622: LANTEO026BB | D622: B73
A623: 5005 | B623: Teos | C623: LANTEO171BB | D623: B73
A624: 5006 | B624: Teos | C624: LANTEO173BA | D624: B73
A625: 5007 | B625: Teos | C625: LANTEO183BA | D625: B73
A626: 5008 | B626: Teos | C626: LANTEO185BB | D626: B73
A627: 5009 | B627: Teos | C627: LANTEO207BA | D627: B73
A628: 5010 | B628: Teos | C628: LANTEO210BB | D628: B73
A629: 5011 | B629: Teos | C629: LANTEO219BA | D629: B73
A630: 5012 | B630: Teos | C630: LANTEO230BB | D630: B73
... A730: 5112 | B730: Teos | C730: LANTEO233BA | D730: B73

Sheet REF-J2Teo
A1: seed_origin | B1: line_id | C1: accession_id | D1: taxa_code
A2: PV23-1322 | B2: Zv.0030_P1_P1_P1.1.1.1 | C2: Zv.0030 | D2: Bals
A3: PV23-1323 | B3: Zv.0030_P1_P1_P1.2.1.1 | C3: Zv.0030 | D3: Bals
A4: PV23-1324 | B4: Zv.0030_P1_P1_P1.3.1.1 | C4: Zv.0030 | D4: Bals
A5: PV23-1325 | B5: Zv.0030_P1_P2_P1.1.1.1 | C5: Zv.0030 | D5: Bals
A6: PV23-1326 | B6: Zv.0030_P1_P2_P1.2.1.1 | C6: Zv.0030 | D6: Bals
A7: PV23-1327 | B7: Zv.0030_P1_P3_P1.1.1.1 | C7: Zv.0030 | D7: Bals
A8: PV23-1328 | B8: Zv.0030_P1_P3_P1.2.1.1 | C8: Zv.0030 | D8: Bals
A9: PV23-1329 | B9: Zv.0030_P1_P3_P1.3.1.1 | C9: Zv.0030 | D9: Bals
A10: PV23-1330 | B10: Zv.0030_P1_P5_P1.1.1.1 | C10: Zv.0030 | D10: Bals
A11: PV23-1331 | B11: Zv.0030_P1_P5_P1.2.1.1 | C11: Zv.0030 | D11: Bals
A12: PV23-1332 | B12: Zv.0040_P3_P1_P1.1.1.1 | C12: Zv.0040 | D12: Bals
... A2609: PV23-1474 | B2609: Zl.0040_P4_P3_P3.4.1.1 | C2609: Zl.0040 | D2609: Zlux
A2610: CLY25-2901 | B2610: Zx.0370_P2_P1_Q2.1.1.1 | C2610: Zx.0370
A2611: CLY25-2902 | B2611: Zx.0370_P2_P2_Q1.1.1.1 | C2611: Zx.0370
A2612: CLY25-2903 | B2612: Zx.0370_P2_P2_Q2.1.1.1 | C2612: Zx.0370
A2613: CLY25-2904 | B2613: Zx.0370_P2_P5_Q2.1.1.1 | C2613: Zx.0370
A2614: CLY25-2906 | B2614: Zx.0040_P1_P3_Q1.1.1.1 | C2614: Zx.0040
A2615: CLY25-2908 | B2615: Zx.0100_P4_P1_Q1.1.1.1 | C2615: Zx.0100
A2616: CLY25-2909 | B2616: Zx.0100_P4_P2_Q1.1.1.1 | C2616: Zx.0100
A2617: CLY25-2910 | B2617: Zx.0100_P4_P2_Q9.1.1.1 | C2617: Zx.0100
A2618: CLY25-2911 | B2618: Zx.0100_P4_P3_Q5.1.1.1 | C2618: Zx.0100
A2619: CLY25-2912 | B2619: Zx.0100_P4_P4_Q1.1.1.1 | C2619: Zx.0100
A2620: CLY25-2913 | B2620: Zx.0010_P4_P1_Q1.1.1.1 | C2620: Zx.0010
A2621: CLY25-2914 | B2621: Zx.0010_P4_P2_Q5.1.1.1 | C2621: Zx.0010
... A4015: NC358-Bulk | B4015: NC358 | C4015: NC358
